<?xml version="1.0" encoding="UTF-8"?>
<items>
  <item id="1"><![CDATA[
<BehaviorTree>
    <Root name="RobotPathPlanning">
        <Node name="ComputePathToPose" type="GlobalPlanner"/>
        <Node name="Parallel" type="Threshold">
            <Parameter name="threshold">1</Parameter>
            <Child name="FollowPath" type="LocalPlanner"/>
            <Child name="NewPaths" type="GlobalPlanner"/>
        </Node>
        <Node name="RateController" type="FrequencyController">
            <Parameter name="frequency">0.5</Parameter>
        </Node>
    </Root>
</BehaviorTree>
  ]]></item>

  <item id="2"><![CDATA[
<BehaviorTree>
  <Sequence name="InitializeRobot">
    <!-- Initialize robot logic here -->
  </Sequence>

  <Sequence name="CheckFirstRun">
    <!-- Check if this is the first run logic here -->
  </Sequence>

  <WhileLoop condition="IsHumanFound" name="SearchForHumans">
    <Sequence name="RateControlledSearch">
      <!-- Search strategy logic here -->
    </Sequence>

    <Sequence name="PathPlanning">
      <!-- Path planning logic here -->
    </Sequence>

    <Sequence name="RecoverySequences">
      <!-- Recovery sequence logic here -->
    </Sequence>

    <Switch condition="IsNavigationFailed">
      <Case label="ClearCostmap">
        <!-- Clear costmap logic here -->
      </Case>

      <Case label="Spin">
        <!-- Spin logic here -->
      </Case>

      <Case label="Wait">
        <!-- Wait logic here -->
      </Case>
    </Switch>
  </WhileLoop>

  <WhileLoop condition="IsSuccessfulFind" name="RetryFindingHumans">
    <Sequence name="ResetParameters">
      <!-- Reset parameters logic here -->
    </Sequence>

    <Sequence name="DelayAndSpin">
      <!-- Intermittent delay and spin logic here -->
    </Sequence>

    <Sequence name="ResetState">
      <!-- Reset state logic here -->
    </Sequence>
  </WhileLoop>
</BehaviorTree>
  ]]></item>

  <item id="3"><![CDATA[
<BehaviorTree>
  <Sequence>
    <SearchOperation />
  </Sequence>
</BehaviorTree>
  ]]></item>

  <item id="4"><![CDATA[
<BehaviorTree>
    <Sequence>
        <Action name="spin_at_180">
            <!-- Implementation for spinning at 180 degrees -->
        </Action>
        <Action name="spin_at_neg_180">
            <!-- Implementation for spinning at -180 degrees -->
        </Action>
        <Action name="spin_at_neg_90">
            <!-- Implementation for spinning at -90 degrees -->
        </Action>
        <Action name="spin_at_pos_90">
            <!-- Implementation for spinning at 90 degrees -->
        </Action>
        <Action name="spin_at_360">
            <!-- Implementation for spinning at 360 degrees -->
        </Action>
        <Repeat>
            <Action name="repeat_sequence_once"/>
        </Repeat>
    </Sequence>
</BehaviorTree>
  ]]></item>

  <item id="5"><![CDATA[
<BehaviorTree>
    <PipelineSequence name="Navigation">
        <Step name="DistanceController">
            <Component name="DistanceController"/>
            <Condition name="DistanceTriggered">RobotPositionChanged</Condition>
            <Action name="ComputeNewPathToGoalPose">GridBasedPlanner</Action>
        </Step>
        <Step name="FollowPath">
            <Component name="FollowPath"/>
        </Step>
    </PipelineSequence>
</BehaviorTree>
  ]]></item>

  <item id="6"><![CDATA[
<BehaviorTree>
  <Sequence>
    <Action name="UpdateGoalPose">
      <!-- Implement logic to update the goal pose -->
    </Action>
    <Action name="ComputePathUsingGridPlanner">
      <!-- Implement logic to compute a path using a grid-based planner -->
    </Action>
    <Action name="TruncatePathToCertainDistance">
      <!-- Implement logic to truncate the computed path to a certain distance -->
    </Action>
    <Action name="FollowTruncatedPath">
      <!-- Implement logic to follow the truncated path using a specific controller -->
    </Action>
    <Action name="CheckForFailureOrArrivalAtGoal">
      <!-- Implement logic to check if the robot has reached the goal or encountered a failure -->
    </Action>
  </Sequence>
</BehaviorTree>
  ]]></item>

  <item id="7"><![CDATA[
<BehaviorTree>
    <Sequence name="MovementSequence">
        <Action name="MoveAhead" duration="50">true</Action>
        <Action name="TurnLeft" angle="90">true</Action>
        
        <Action name="MoveAhead" duration="120">true</Action>
        <Action name="TurnRight" angle="90">true</Action>
        
        <Action name="MoveAhead" duration="800">true</Action>
        <Action name="TurnRight" angle="90">true</Action>
        
        <Action name="MoveAhead" duration="450">true</Action>
        <Action name="TurnRight" angle="90">true</Action>
        <Action name="MoveBackward" distance="600">true</Action>
        <Action name="MoveForward" distance="600">true</Action>
        <Action name="MoveForward" distance="600">true</Action>
    </Sequence>
</BehaviorTree>
  ]]></item>

  <item id="8"><![CDATA[
<BehaviorTree>
  <Sequence id="Sequence1">
    <Action name="go1" />
    <Action name="go2" />
    <Action name="go3" />
  </Sequence>
  <Sequence id="Sequence2">
    <!-- Conditional check here -->
  </Sequence>
  <Sequence id="Sequence4">
    <!-- Conditional check here -->
  </Sequence>
</BehaviorTree>
]]></item>

  <item id="9"><![CDATA[
<BehaviorTree>
    <Sequence name="MainSequence">
        <!-- Actions -->
        <Action name="Move" />
        <Action name="Multiply" />
        <Action name="Rotate" />

        <!-- Conditions -->
        <If name="Condition1">...</If>
        <If name="Condition2">...</If>

        <!-- Decorator -->
        <RepeatDecorator name="RepeatDecorator" count="5">
            <Subtree name="SubtreeToRepeat"/>
        </RepeatDecorator>
    </Sequence>
</BehaviorTree>
]]></item>

  <item id="10"><![CDATA[
<BehaviorTree>
    <Sequence name="Main Sequence">
        <Condition/>
        <Action port="output" name="Check State"/>
        <Fallback name="Replan Request">
            <Condition/>
            <Action port="output" name="Trigger Replan"/>
        </Fallback>
        <Switch port="input">
            <Case value="Move">Perform Move Action</Case>
            <Case value="Stay">Stay in Place</Case>
            <!-- Add more cases for other actions -->
        </Switch>
    </Sequence>
    <Sequence name="Reactive Sequences">
        <Condition/>
        <Action port="output" name="Handle Fake Detection"/>
        <Action port="output" name="Check Reactive LTL States"/>
    </Sequence>
</BehaviorTree>
  ]]></item>

  <item id="11"><![CDATA[
<BehaviorTree>
  <Sequence name="BatteryCheck">
    <Action name="CheckBattery" />
    <Condition name="BatteryNeedsRecharge">
      <If condition="batteryLevel <= threshold">
        <Action name="NavigateToRechargeStation" />
        <Action name="InitiateRechargeProcess" />
      </If>
    </Condition>
  </Sequence>

  <Sequence name="PatrolMode">
    <Action name="EnterPatrolMode" />
    <Repeat name="PatrolThroughWaypoints">
      <Action name="NavigateToNextWaypoint" />
    </Repeat>
  </Sequence>

  <Parallel name="MainLoop">
    <Sequence name="BatteryCheck">
      <Sequence name="PatrolMode">
        <Branch>
          <If condition="batteryLevel > threshold">
            <Action name="ContinuePatrol" />
          </If>
          <Else>
            <Action name="ChargeRobot" />
          </Else>
        </Branch>
      </Sequence>
    </Sequence>
  </Parallel>
</BehaviorTree>
  ]]></item>

  <item id="12"><![CDATA[
<BehaviorTree>
    <Sequence>
        <Action name="ComputeGlobalPath">
            <Parameter name="GoalPosition">...</parameter>
            <Frequency>1Hz</Frequency>
            <Planner name="GridBased"/>
            <Controller name="FollowPath"/>
        </Action>
        <Action name="NavigateToGoal">
            <Target position="GoalPosition"/>
            <Controller name="FollowPath"/>
        </Action>
    </Sequence>
</BehaviorTree>
  ]]></item>

  <item id="13"><![CDATA[
<BehaviorTree>
    <Sequence name="InitialActions">
        <Action name="PrintHello"/>
    </Sequence>

    <FallbackSequence name="FallbackSequence1">
        <Timeout name="TimeoutAction" duration="2000ms"/>
        <Action name="AlwaysRunning"/>
    </FallbackSequence>

    <ConditionCheck name="ConditionCheck1">
        <Topic name="/condition" pattern="/topic_pattern"/>
    </ConditionCheck>

    <Sequence name="FallbackSequence2">
        <Action name="PrintWorld"/>
    </Sequence>

    <Sequence name="FallbackSequence3">
        <ConditionCheck name="ConditionCheck2">
            <Topic name="/trigger" pattern="/topic_pattern"/>
        </ConditionCheck>
        <ServiceTrigger name="SafetyService" timeout="100ms"/>
    </Sequence>

    <WaitPeriod name="WaitPeriodFinal" duration="3000ms"/>

    <Sequence name="FinalActions">
        <Action name="PrintDone"/>
    </Sequence>
</BehaviorTree>
  ]]></item>

  <item id="14"><![CDATA[
<BehaviorTree>
    <Sequence id="NavigateWithReplanning">
        <Action name="ComputePathToGoal"/>
        <Action name="FollowComputedPath"/>
        <Action name="HandleFailuresAndRetry"/>
    </Sequence>
    <Sequence id="HandleFailuresAndRetry">
        <Action name="ClearCostMaps"/>
        <Action name="WaitForDuration"/>
    </Sequence>
</BehaviorTree>
  ]]></item>

  <item id="15"><![CDATA[
<BehaviorTree>
    <Sequence name="HeadMovementSequence">
        <!-- First Head Movement -->
        <Action name="MoveHeadToPitchAngle">
            <Parameter name="pitch" value="specific_pitch_angle"/>
            <Parameter name="yaw" value="specific_yaw_angle"/>
            <Wait duration="2.0"/>
        </Action>

        <!-- Alternative Head Movements (Not Executed) -->
        <Action name="AlternativeHeadMovementA">
            <!-- Implementation of Alternative Head Movement A -->
        </Action>

        <Action name="AlternativeHeadMovementB">
            <!-- Implementation of Alternative Head Movement B -->
        </Action>

        <!-- Next Head Movement -->
        <Action name="MoveHeadToNextPitchAngle">
            <Parameter name="pitch" value="next_specific_pitch_angle"/>
            <Parameter name="yaw" value="next_specific_yaw_angle"/>
            <Wait duration="2.0"/>
        </Action>
    </Sequence>
</BehaviorTree>
  ]]></item>

  <item id="16"><![CDATA[
<BehaviorTree>
    <Sequence>
        <Action name="go1"/>
        <Blackboard>
            <Entry key="valueA" type="int">3</entry>
        </Blackboard>
        <Repeat>
            <Action name="go2"/>
            <Condition>
                <Value key="valueA" type="int">3</value>
            </Condition>
        </Repeat>
        <Action name="go3"/>
    </Sequence>
</BehaviorTree>
  ]]></item>

  <item id="17"><![CDATA[
<BehaviorTree>
  <Sequence>
    <Action name="GoToKitchen">
      <!-- Action implementation -->
    </Action>
    <Fallback>
      <Action name="AskForHelp"/>
    </Fallback>
    <Action name="FindBottle">
      <!-- Action implementation -->
    </Action>
    <Fallback>
      <Action name="AskForHelp"/>
    </Fallback>
    <Action name="FetchBottle">
      <!-- Action implementation -->
    </Action>
  </Sequence>
</BehaviorTree>
  ]]></item>

  <item id="18"><![CDATA[
<BehaviorTree>
    <Sequence name="NavigateWithReplanning">
        <Action name="ComputePathToPose" />
        <Action name="FollowComputedPath" />
        <IfThenElse condition="hasIssuesDuringNavigation">
            <Action name="RetryNavigation" />
            <Action name="ExecuteRecoveryActions" />
        </IfThenElse>
    </Sequence>
</BehaviorTree>
  ]]></item>

  <item id="19"><![CDATA[
<BehaviorTree>
    <Sequence name="MainTask">
        <Action name="MoveToGoalA"/>
        <Wait time="2s"/>
        <Action name="MoveToGoalB"/>
        <Wait time="2s"/>
        <Action name="RepeatSequenceUntilInterrupted"/>
    </Sequence>

    <Sequence name="RepeatSequenceUntilInterrupted">
        <Action name="MoveToGoalA"/>
        <Action name="MoveToGoalB"/>
        <Action name="MoveToGoalC"/>
    </Sequence>

    <Event name="Gohome">
        <Action name="EndSequence"/>
    </Event>
</BehaviorTree>
  ]]></item>

  <item id="20"><![CDATA[
<BehaviorTree>
    <Sequence>
        <Action name="MoveAhead" duration="50"/>
        <Action name="TurnLeft" duration="90"/>
        <Action name="MoveAhead" duration="120"/>
        <Action name="TurnRight" duration="-90"/>
        <Action name="MoveAhead" duration="800"/>
        <Action name="TurnRight" duration="-90"/>
        <Action name="MoveAhead" duration="450"/>
        <Action name="TurnRight" duration="-90"/>
        <Action name="MoveForwardBackward" duration="600"/>
        <Action name="MoveForwardBackward" duration="-600"/>
        <Action name="MoveForwardBackward" duration="600"/>
    </Sequence>
</BehaviorTree>
  ]]></item>

  <item id="21"><![CDATA[
<BehaviorTree>
  <Sequence name="SpeakOutMessage">
    <Action name="StartThinking" />
    <Action name="ThinkAboutWhatToSay" value="{the_answer}" />
    <Action name="VocalizeThought" value="{the_answer}" />
    <Action name="SaySomething2" />
    <Action name="RepeatAnswer" value="{the_answer}" />
  </Sequence>
</BehaviorTree>
  ]]></item>

  <item id="22"><![CDATA[
<BehaviorTree>
  <Sequence name="main_sequence">
    <Action name="action1">go1</Action>
    <Action name="action2">go2</Action>
    <FallbackIfFailed>
      <Sequence name="fallback_sequence">
        <Action name="action3">go3</Action>
        <Action name="action4">go4</Action>
        <Action name="action5">go5</Action>
      </FallbackIfFailed>
      <FallbackIfFailed>
        <Sequence name="fallback_fallback_sequence">
          <Action name="action6">go6</Action>
          <Action name="action7">go7</Action>
        </FallbackIfFailed>
      </FallbackIfFailed>
    </FallbackIfFailed>
  </Sequence>
</BehaviorTree>
  ]]></item>

  <item id="23"><![CDATA[
<BehaviorTree>
  <Sequence name="TaskOrchestrator">
    <!-- PushPuck -->
    <SubTree name="PushPuck">
      <Action name="MoveForward"/>
      <Action name="TurnLeft"/>
      <Action name="PushPuck"/>
      <Action name="MoveBackward"/>
    </SubTree>

    <!-- GetG -->
    <SubTree name="GetG">
      <Action name="OpenClamp"/>
      <Action name="MoveForwardToLocation"/>
      <Action name="CloseClamp"/>
      <Action name="RepositionClamp"/>
    </SubTree>

    <!-- WeightG -->
    <SubTree name="WeightG">
      <Action name="MoveBackward"/>
      <Action name="TurnLeft"/>
      <Action name="MoveForwardToWaitingPoint"/>
      <Action name="ProceedToScale"/>
      <Action name="ManipulateClamp"/>
      <Action name="OpenClamp"/>
      <Action name="CloseClamp"/>
    </SubTree>

    <!-- ChasseNeige -->
    <SubTree name="ChasseNeige">
      <Action name="MoveBackward"/>
      <Action name="TurnLeft"/>
      <Action name="MoveForward"/>
    </SubTree>
  </Sequence>
</BehaviorTree>
  ]]></item>

  <item id="24"><![CDATA[
<BehaviorTree>
    <Branching>
        <ParallelBranch name="MainBranch">
            <SubBranch name="VariationBranch" />
            <SubBranch name="SpecificTasksBranch" />
        </ParallelBranch>
    </Branching>
    <Branching>
        <SequentialBranch name="VariationBranch">
            <Action name="VariantAction" />
        </SequentialBranch>
        <SequentialBranch name="SpecificTasksBranch">
            <SubBranch name="PickBranch">
                <Action name="PickObject" />
                <SubBranch name="DeliveryBranch">
                    <Action name="DeliverObject" />
                </SubBranch>
                <SubBranch name="ChargeBranch">
                    <Action name="ChargeRobot" />
                </SubBranch>
            </SubBranch>
        </SequentialBranch>
    </Branching>
</BehaviorTree>
  ]]></item>

  <item id="25"><![CDATA[
<BehaviorTree>
  <Init />
  <Sequence>
    <Action name="Initialize Robot" />
    <Repeat>
      <TryPursueGoal />
      <If>
        <Condition type="robotItemHeld">
          <Action name="Place Item" />
        </If>
        <Else>
          <Action name="Find Item To Pick Up" />
        </Else>
      </If>
    </Repeat>
  </Sequence>
</BehaviorTree>
  ]]></item>

  <item id="26"><![CDATA[
<BehaviorTree>
    <Sequence id="PatrolRechargeLoop">
        <RepeatTimes id="repetitions" value="100"/>
        
        <IfElse id="BatteryLow">
            <Condition type="BatteryStatus">low</Condition>
            <Then>
                <Action id="RechargeStation" />
            </Then>
            <Else>
                <Action id="ContinuePatrol" />
            </Else>
        </IfElse>
        
        <Sequence id="PatrolWaypoints">
            <ForEach id="waypointList" items="wp_1 to wp_7"/>
            
            <While id="PatrolLoop">
                <Action id="NavigateToNextWaypoint" />
                
                <!-- Patrolling logic here -->
                
                <If id="BatteryLevelCheck">
                    <Condition type="BatteryStatus">high</Condition>
                    <Then>
                        <Action id="ContinuePatrol" />
                    </Then>
                    <Else>
                        <Action id="InterruptPatrol" />
                        <Action id="NavigateToRechargeStation" />
                        <Action id="StartRechargeProcess" />
                        <Action id="ResumePatrolLoop" />
                    </Else>
                </If>
            </While>
        </Sequence>
        
        <Action id="StartPatrolLoop" />
    </Sequence>
    
    <!-- Other actions or sequences can be added as needed -->
</BehaviorTree>
  ]]></item>

  <item id="27"><![CDATA[
<BehaviorTree>
    <Sequence name="PatrolLoop">
        <RepeatTimes value="100" />
        <Action name="PatrolWaypoints">
            <Argument name="waypoint1">wp_1</Argument>
            <Argument name="waypoint2">wp_2</Argument>
            <!-- Repeat for all waypoints -->
        </Action>
        <FallbackPattern>
            <Action name="RechargeStationNavigation">
                <Argument name="recharge_station_id">station_id_recharge</Argument>
            </Action>
            <Action name="Recharge">
                <!-- Placeholder for actual recharge logic -->
            </Action>
        </FallbackPattern>
    </Sequence>
</BehaviorTree>
  ]]></item>

  <item id="28"><![CDATA[
<BehaviorTree>
    <Sequence name="TaskExecution">
        <Parallel>
            <Action name="ContinuousRepeatAction" />
            <Sequence name="TaskSequence">
                <Action name="RecognizePeople"/>
                <Action name="MoveToSpecificPosition"/>
                <Action name="HandleScenariosBasedOnVariantParameter"/>
            </Sequence>
        </Parallel>
    </Sequence>
</BehaviorTree>
]]></item>

  <item id="29"><![CDATA[
<BehaviorTree>
    <Sequence name="Main Sequence">
        <Parallel name="Variant Actions">
            <Action name="Recharge" />
            <Action name="SearchForThomasInRoomOne" />
            <Action name="SearchForThomasInRoomTwo" />
        </Parallel>
        <SubTree name="Recharge Sub-Tree">
            <!-- Recharge action details -->
        </SubTree>
        <SubTree name="SearchForThomasInRoomOne Sub-Tree">
            <!-- Search for Thomas in Room One action details -->
        </SubTree>
        <SubTree name="SearchForThomasInRoomTwo Sub-Tree">
            <!-- Search for Thomas in Room Two action details -->
        </SubTree>
    </Sequence>
</BehaviorTree>
  ]]></item>

  <item id="30"><![CDATA[
<BehaviorTree>
    <Sequence>
        <!-- Navigation Logic -->
        <If>
            <Condition>Battery Level <= 70%</Condition>
            <Then>
                <Action>Rewind to Base Location (0,0,0)</Action>
                <Action>Prioritize Rate: 1 Hz</Action>
            </Then>
        </If>

        <!-- Navigation Recovery Actions -->
        <ElseIf>
            <Condition>Navigation Failed</Condition>
            <Then>
                <Action>Replan Path</Action>
                <Action>Clear Costmaps</Action>
            </Then>
        </ElseIf>

        <!-- Goal Update Recovery Actions -->
        <ElseIf>
            <Condition>Goal Updated During Navigation</Condition>
            <Then>
                <Action>Clear Costmaps</Action>
                <Action>Execute Recovery Actions</Action>
            </Then>
        </ElseIf>
    </Sequence>
</BehaviorTree>
  ]]></item>

  <item id="31"><![CDATA[
<BehaviorTree>
  <Sequence id="dynamicNavigation">
    <!-- Pipeline Sequence -->
    <Pipeline id="pipelineSequence" >
      <!-- Rate Control -->
      <Action id="rateControl" />
      <!-- Path Planning -->
      <Action id="pathPlanning" />
      <!-- Goal Pose Update -->
      <Action id="updateGoalPose" />
      <!-- Grid-Based Planner -->
      <Action id="gridBasedPlanner" />
      <!-- Truncate Path -->
      <Action id="truncatePath" />
      <!-- Follow Truncated Path -->
      <Action id="followTruncatedPath" />
    </Pipeline>
  </Sequence>
</BehaviorTree>
]]></item>

  <item id="32"><![CDATA[
<BehaviorTree>
  <Sequence name="RobotMovement">
    <Action name="MoveToLocation" />
    <Action name="PromptForConfirmation" />
    <Action name="WaitIfNegativeResponse" />
    <Action name="MoveToNextLocation" />
  </Sequence>
</BehaviorTree>
  ]]></item>

  <item id="33"><![CDATA[
<BehaviorTree>
    <Sequence>
        <WaitForDuration duration="5"/>
        <DebugPrint message="Hello world"/>
    </Sequence>
</BehaviorTree>
  ]]></item>

  <item id="34"><![CDATA[
<BehaviorTree>
    <Sequence>
        <Action name="UpdateGoal" />
        <Action name="ComputePathToUpdatedGoal" />
        <Action name="TruncateComputedPath" />
        <Action name="FollowTruncatedPathUntilFailure" />
    </Sequence>
</BehaviorTree>
  ]]></item>

  <item id="35"><![CDATA[
<BehaviorTree>
  <Sequence>
    <Condition name="SCConditionExample"/>
    <Action name="SCActionExample"/>
  </Sequence>
</BehaviorTree>
  ]]></item>

  <item id="36"><![CDATA[
<BehaviorTree>
    <Sequence name="PickAndPlaceOperation">
        <!-- Step 1: Select an object to pick -->
        <Action name="SelectObjectToPick" />
        
        <!-- Step 2: Retrieve the object's pose -->
        <Action name="RetrieveObjectPose" />

        <!-- Step 3: Track the object's pose -->
        <ParallelProcess name="TrackObjectPose">
            <Action name="TrackPose" />
        </ParallelProcess>

        <!-- Step 4: Approach the object in parallel -->
        <ParallelProcess name="ApproachObject">
            <Action name="ApproachObjectParallel" />
        </ParallelProcess>

        <!-- Wait for 3 seconds -->
        <Wait time="3000" />

        <!-- Step 5: Retrieve the object's pose again -->
        <Action name="RetrieveObjectPoseAgain" />

        <!-- Step 6: Track the object's pose again -->
        <ParallelProcess name="TrackObjectPoseAgain">
            <Action name="TrackPoseAgain" />
        </ParallelProcess>

        <!-- Step 7: Execute the pick action on the specified object -->
        <Action name="ExecutePickAction" />
    </Sequence>
</BehaviorTree>
  ]]></item>

  <item id="37"><![CDATA[
<BehaviorTree>
  <Sequence name="RobotMovement">
    <Action name="SetInitialPose" />
    <Action name="MoveToGoalA" />
    <Action name="CheckGoalAStatus" />
    <IfCondition name="IsGoalATriggered">
      <Then>
        <Action name="MoveToGoalB" />
        <Action name="CheckGoalBStatus" />
        <IfCondition name="IsGoalBTriggered">
          <Then>
            <Action name="MoveToGoalC" />
            <Action name="CheckGoalCStatus" />
            <IfCondition name="IsGoalCTriggered">
              <Then>
                <Action name="ProceedToNextLocation" />
              </Then>
              <Else>
                <Action name="ActivateAlarmLED" />
              </Else>
            </IfCondition>
            <Else>
              <Action name="ActivateAlarmLED" />
            </Else>
          </IfCondition>
          <Else>
            <Action name="ActivateAlarmLED" />
          </Else>
        </IfCondition>
        <Else>
          <Action name="ActivateAlarmLED" />
        </Else>
      </Then>
      <Else>
        <Action name="ActivateAlarmLED" />
      </Else>
    </IfCondition>
    <Else>
      <Action name="ActivateAlarmLED" />
    </Else>
  </Sequence>
</BehaviorTree>
]]></item>

  <item id="38"><![CDATA[
<BehaviorTree>
    <Sequence name="NavigateThroughEnvironment">
        <Action name="PlanPathUsingGridBasedPlanner"/>
        <If condition="IsGoalPoseReached()">
            <Then/>
        </If>
        <ElseIf condition="HasCostmapsClear()">
            <Then>
                <Action name="ClearCostmapsAndRetryPlanningAndFollowingOfPath"/>
            </Then>
        </ElseIf>
        <ElseIf condition="RecoveryAttemptsFailed()">
            <Then>
                <Action name="PerformAdditionalRecoveryActions"/>
            </Then>
        </ElseIf>
    </Sequence>
</BehaviorTree>
]]></item>

  <item id="39"><![CDATA[
<BehaviorTree>
  <Sequence name="Main Sequence">
    <!-- Define actions -->
    <Action name="Check Current State Against Desired Sequence" />
    <Action name="Request Replanning" />
    <Action name="Check and Start Locomotion" />
    <Action name="Move Robot to Navigation Goal" />
    <Action name="Update Action Sequence Based on Current State and Desired Sequence" />
    
    <!-- Repeat Main Sequence -->
    <Loop repeatCount="specifiedNumberOfCycles" />
  </Sequence>

  <!-- Error Handling and Recovery Mechanisms -->
  <FallbackMechanism name="Handle Failed Actions" />
  <RetryMechanism name="Retry Failed Actions" />

</BehaviorTree>
  ]]></item>

  <item id="40"><![CDATA[
<BehaviorTree>
    <Sequence>
        <Action name="go1"/>
        <Branch>
            <Fail>
                <Action name="go2"/>
                <Fail>
                    <Action name="go3"/>
                    <Fail>
                        <Action name="go4"/>
                    </Fail>
                </Fail>
            </Fail>
        </Branch>
    </Sequence>
</BehaviorTree>
  ]]></item>

  <item id="41"><![CDATA[
<BehaviorTree>
  <Sequence>
    <Action name="RequestPairingMode">
      <!-- Implementation of requesting pairing mode -->
    </Action>
    <Action name="RequestDeviceType">
      <!-- Implementation of requesting device type -->
    </Action>
    <Action name="PerformPairingBasedOnInputs">
      <Input name="PairingMode" value="Requested"/>
      <Input name="DeviceType" value="Requested"/>
      <!-- Implementation of performing pairing based on inputs -->
    </Action>
  </Sequence>
</BehaviorTree>
]]></item>

  <item id="42"><![CDATA[
<BehaviorTree>
    <Sequence>
        <Action Name="TakeSnapshot"/>
    </Sequence>
</BehaviorTree>
  ]]></item>

  <item id="43"><![CDATA[
<BehaviorTree>
    <Sequence>
        <StartAutodockingProcess />
        <CancelAutoDockingProcess Immediately="true" />
    </Sequence>
</BehaviorTree>
  ]]></item>

  <item id="44"><![CDATA[
<BehaviorTree>
    <Sequence>
        <Action name="BatteryCheck" />
        <Sequence>
            <Action name="GripperOpen" />
            <Action name="ApproachObject" />
            <Action name="GripperClose" />
        </Sequence>
    </Sequence>
</BehaviorTree>
  ]]></item>

  <item id="45"><![CDATA[
<BehaviorTree>
    <StartCondition>
        <CheckIfMissionWait>
            <ConditionName>MissionWait</ConditionName>
            <Value>false</Value>
        </CheckIfMissionWait>
    </StartCondition>

    <Sequence name="NoMission">
        <EndCondition>
            <ConditionName>NoGlobalPathAvailable</ConditionName>
            <Value>true</Value>
        </EndCondition>
    </Sequence>

    <Sequence name="InitiateLaneKeeping">
        <SelectState Condition="IsLaneKeepingEnabled" />
        <SelectState Condition="IsLaneChangingEnabled" />
    </Sequence>

    <Fallback Sequence="InitiateLaneKeeping">
        <SelectState Condition="IsLaneChangingEnabled" />
    </Fallback>

    <Fallback Sequence="InitiateLaneChanging">
        <SelectState Condition="IsLaneChangingEnabled" />
    </Fallback>

    <Sequence name="AvoidObstacles">
        <SelectState Condition="IsObstacleDetectionEnabled" />
    </Sequence>

    <Sequence name="ChangeLanes">
        <SelectState Condition="IsLaneChangingEnabled" />
    </Sequence>

    <Sequence name="FollowTrafficRules">
        <SelectState Condition="IsTrafficRuleEnforcementEnabled" />
    </Sequence>

    <Sequence name="RecoverFromFailure">
        <SelectState Condition="IsFailureHandlingEnabled" />
    </Sequence>

    <EndCondition>
        <ConditionName>NoFaultFound</ConditionName>
        <Value>true</Value>
    </EndCondition>
</BehaviorTree>
  ]]></item>

  <item id="46"><![CDATA[
<BehaviorTree>
  <Sequence name="TaskSequence">
    <Action name="CheckBatteryLevel" />
    <Action name="OpenGripper" />
    <Action name="ApproachObject" />
    <Action name="CloseGripper" />
  </Sequence>
</BehaviorTree>
  ]]></item>

  <item id="47"><![CDATA[
<BehaviorTree>
  <Sequence name="CheckState">
    <Action name="CompareWithDesiredSequence" />
    <Action name="TriggerReplanningIfFailed" />
  </Sequence>

  <Sequence name="ReactiveSequence">
    <Action name="CheckLocomotionStatus" />
    <Action name="PerformRecoveryActionsIfNecessary" />
  </Sequence>

  <Sequence name="MoveBasedOnNavigationGoal">
    <Action name="ExecuteMoveAction" />
    <Action name="TriggerReplanningIfUnsuccessful" />
  </Sequence>

  <Sequence name="UpdateStateAndDesiredSequence">
    <Action name="UpdateState" />
    <Action name="UpdateDesiredSequence" />
  </Sequence>

  <Loop repeatCount="specifiedNumberOfCycles">
    <Sequence name="MainLoop">
      <Parallel>
        <Sequence name="CheckState">
          <Action name="CheckState" />
        </Sequence>

        <Sequence name="ReactiveSequence">
          <Action name="ReactiveSequence" />
        </Sequence>

        <Sequence name="MoveBasedOnNavigationGoal">
          <Action name="MoveBasedOnNavigationGoal" />
        </Sequence>
      </Parallel>

      <Sequence name="UpdateStateAndDesiredSequence">
        <Action name="UpdateStateAndDesiredSequence" />
      </Sequence>
    </Sequence>
  </Loop>
</BehaviorTree>
  ]]></item>

  <item id="48"><![CDATA[
<BehaviorTree>
    <Sequence name="NavigateWithReplanning">
        <RateController freq="1Hz"/>
        <PipelineSequence>
            <Node name="ComputePathToPose">
                <!-- Compute Path Node Implementation -->
            </Node>
            <Node name="FollowPath">
                <!-- Follow Path Node Implementation -->
            </Node>
            <Fallback name="RecoveryFallback">
                <Node name="ClearCostmaps"/>
                <Node name="WaitForDuration"/>
            </Fallback>
        </PipelineSequence>
        <RecoveryNodes>
            <Node name="ClearCostmaps"/>
            <Node name="WaitForDuration"/>
        </RecoveryNodes>
    </Sequence>
</BehaviorTree>
  ]]></item>

  <item id="49"><![CDATA[
<BehaviorTree>
  <Sequence>
    <Action name="CheckStatus">
      <!-- Check the status logic goes here -->
    </Action>
    <Action name="OpenGripper">
      <!-- Open the gripper logic goes here -->
    </Action>
    <Action name="CloseGripper">
      <!-- Close the gripper logic goes here -->
    </Action>
    <Action name="SayStuff">
      <!-- Execute "SayStuff" logic goes here -->
    </Action>
  </Sequence>
</BehaviorTree>
  ]]></item>

  <item id="50"><![CDATA[
<BehaviorTree>
  <Sequence name="ContinuousLoop">
    <RepeatForever>
      <Condition name="AlwaysRunning"/>
      <Action name="HoldingItem" />
      <Action name="SeeItem" />
      <Action name="Pick" />
      <Action name="Place" />
    </RepeatForever>
  </Sequence>
  
  <BehaviorTree name="Initialization">
    <Action name="Print" content="Initialize" />
  </BehaviorTree>
</BehaviorTree>
  ]]></item>

  <item id="51"><![CDATA[
<BehaviorTree>
    <Sequence name="TrackingAction">
        <!-- Initial Scan Mode -->
        <Branch name="SetMode_Scan">
            <Condition name="IsInScanMode"/>
            <Action name="ChangeMode_To_Off"/>
        </Branch>

        <Branch name="InitiateTrackingFor_4Sec">
            <Action name="StartTracking"/>
        </Branch>

        <!-- Switch Mode to Off after 4 seconds -->
        <Branch name="SwitchMode_To_Off">
            <Condition name="TimeElapsed_4Sec"/>
            <Action name="ChangeMode_To_Off"/>
        </Branch>

        <Branch name="MaintainState_Off">
            <Condition name="IsInOffMode"/>
            <Action name="MaintainState_On"/>
        </Branch>

        <!-- Track Mode for 10 seconds -->
        <Branch name="SetMode_Track">
            <Condition name="IsInOffMode"/>
            <Action name="ChangeMode_To_Track"/>
        </Branch>

        <Branch name="MaintainState_Track">
            <Condition name="TimeElapsed_10Sec"/>
            <Action name="ChangeMode_To_Off"/>
        </Branch>

        <!-- Transition back to Tracking mode for 4 seconds -->
        <Branch name="TransitionBackTo_Track">
            <Condition name="IsInTrackMode"/>
            <Action name="ChangeMode_To_Track"/>
        </Branch>
    </Sequence>
</BehaviorTree>
  ]]></item>

  <item id="52"><![CDATA[
<BehaviorTree>
    <Behavior name="BehaviorTree">
        <Action name="go1"/>
    </Behavior>

    <Behavior name="collectTree">
        <Sequence>
            <Action name="go1"/>
            <Action name="go2"/>
        </Sequence>
    </Behavior>

    <TreeNode name="TreeNodesModel">
        <Reference>
            <Behavior name="BehaviorTree"/>
        </Reference>
        <Reference>
            <Behavior name="collectTree"/>
        </Reference>
        <Reference>
            <Behavior name="go1"/>
        </Reference>
        <Reference>
            <Behavior name="go2"/>
        </Reference>
    </TreeNode>
</BehaviorTree>
  ]]></item>

  <item id="53"><![CDATA[
<BehaviorTree>
    <Sequence name="pathPlanning">
        <Action name="computePathToPose" />
        <ParallelBranches>
            <SubBranch name="executeLocalPlanner">
                <Action name="followComputedPath" />
            </SubBranch>
            <SubBranch name="controlGlobalPlannerRate">
                <Action name="updateGlobalPlannerPaths" />
            </SubBranch>
        </ParallelBranches>
    </Sequence>
</BehaviorTree>
]]></item>

  <item id="54"><![CDATA[
<BehaviorTree>
  <Sequence name="InitialSetup">
    <Action name="DisablePoseDetectionControl"/>
    <Action name="ClearGlobalCostMapForNavigation"/>
  </Sequence>

  <Sequence name="SeekSpecificPoses">
    <!-- Define the logic to seek specific poses here -->
  </Sequence>

  <If condition="HasPersonDetected()">
    <Action name="SetSuccessFlag"/>
  </If>

  <ElseIf condition="AllPosesFetched() AND !HasPersonDetected()">
    <Action name="SpeakAndProceedToNextPose"/>
  </ElseIf>

  <SubSequence name="CheckFlag">
    <Action name="CheckFlag"/>
    <If condition="flagIsSet()">
      <Action name="SpeakAndProceedToNextPose"/>
    </If>
  </SubSequence>

  <SubSequence name="MoveRobot">
    <!-- Define the logic for moving the robot to specific targets here -->
  </SubSequence>
</BehaviorTree>
]]></item>

  <item id="55"><![CDATA[
<BehaviorTree>
    <FallbackStar id="FallbackStar_0" name="FallbackStar">
        <SequenceStar id="SequenceStar_0" name="DaytimeMovement">
            <Node id="Node_0" name="LeaveShed">
                <!-- Code for leaving the shed -->
            </Node>
            <Node id="Node_1" name="FindRandomPastureField">
                <!-- Code for finding a random pasture field -->
            </Node>
            <Node id="Node_2" name="MoveIfOnPasture">
                <!-- Code for moving if already on the pasture -->
            </Node>
        </SequenceStar>
        <SequenceStar id="SequenceStar_1" name="NightlyBehavior">
            <Node id="Node_3" name="FindShelter">
                <!-- Code for finding shelter -->
            </Node>
            <Node id="Node_4" name="EnterShelter">
                <!-- Code for entering shelter -->
            </Node>
            <Node id="Node_5" name="ContinueMoving">
                <!-- Code for continuing to move -->
            </Node>
        </SequenceStar>
        <SequenceStar id="SequenceStar_2" name="DaytimeActivitiesOutsideShed">
            <Node id="Node_6" name="RandomMovement">
                <!-- Code for random movement -->
            </Node>
        </SequenceStar>
    </FallbackStar>
</BehaviorTree>
  ]]></item>

  <item id="56"><![CDATA[
<BehaviorTree>
  <Sequence name="TaskSequence">
    <Action name="CalculateGoalPosition" />
    <Action name="PrintTargetPosition" />
    <Sequence name="SecondTaskSequence">
      <Action name="SetAnotherGoalPosition" />
      <Action name="PrintNewTargetPosition" />
    </Sequence>
  </Sequence>
</BehaviorTree>
  ]]></item>

  <item id="57"><![CDATA[
<BehaviorTree>
    <Pipeline>
        <Step name="DistanceController">
            <Condition type="DistanceSensor">sensor</Condition>
            <Action type="Planner">planner</Action>
        </Step>
        <Step name="FollowPath">
            <Condition type="PathFinder">pathfinder</Condition>
            <Action type="MotionCommander">motioncommander</Action>
        </Step>
    </Pipeline>
</BehaviorTree>
  ]]></item>

  <item id="58"><![CDATA[
<BehaviorTree>
  <Sequence name="BatteryCheck">
    <Action name="Check Battery Status"/>
  </Sequence>

  <Sequence name="GripperOpen">
    <Action name="Open Gripper"/>
  </Sequence>

  <Sequence name="ApproachObject">
    <Action name="Move Towards Object"/>
  </Sequence>

  <Sequence name="CloseGripper">
    <Action name="Close Gripper"/>
  </Sequence>

  <Sequence name="PickAndPlaceOperation">
    <Sequence name="BatteryCheck">
      <Action name="Check Battery Status"/>
    </Sequence>

    <Sequence name="GripperOpen">
      <Action name="Open Gripper"/>
    </Sequence>

    <Sequence name="ApproachObject">
      <Action name="Move Towards Object"/>
    </Sequence>

    <Sequence name="CloseGripper">
      <Action name="Close Gripper"/>
    </Sequence>

    <!-- Add logic for Pick and Place Operation here -->
  </Sequence>
</BehaviorTree>
  ]]></item>

  <item id="59"><![CDATA[
<BehaviorTree>
    <!-- Step 1: Clear the global cost map -->
    <Action name="ClearGlobalCostMap">
        <!-- Add logic here to clear the global cost map -->
    </Action>

    <!-- Step 2: Initialize the robot's seeking action with multiple search poses -->
    <Action name="InitializeSeekingAction">
        <!-- Add logic here to initialize the robot's seeking action with search poses -->
    </Action>

    <!-- Step 3: Continuously seek the next search pose until failure -->
    <Sequence name="ContinuousSeeking">
        <Action name="SeekNextSearchPose"/>
        <Branch name="SeekFailed">
            <Action name="MoveToNextGoalPosition"/>
            <Action name="CommunicateGoal"/>
            <Branch name="ReinitializeAndRetry">
                <Action name="ReinitializeSeekingAction"/>
                <Action name="SeekNextSearchPose"/>
            </Branch>
        </Branch>
    </Sequence>

    <!-- Step 4: If reinitiation fails, move to the next goal position and communicate the goal -->
    <Action name="ReinitializeSeekingAction"/>
</BehaviorTree>
  ]]></item>

  <item id="60"><![CDATA[
<BehaviorTree>
    <Sequence id="Navigation">
        <Sequence id="ReplanAndNavigate">
            <Action id="ComputePathToGoal" frequency="1Hz"/>
            <Action id="FollowComputedPath"/>
            <Action id="ClearGlobalCostMapContext"/>
            <Action id="ClearLocalCostMapContext"/>
        </Sequence>
        <Sequence id="HandleRecoverySituation">
            <Action id="ClearBothCostMaps"/>
            <Action id="Spin"/>
            <Action id="Wait"/>
        </Sequence>
    </Sequence>
</BehaviorTree>
  ]]></item>

  <item id="61"><![CDATA[
<BehaviorTree>
  <Sequence name="AutonomousNavigation">
    <!-- Actions within autonomous navigation -->
  </Sequence>

  <Sequence name="ObstacleHandling">
    <Branch>
      <Condition>EncounteredObstacle</Condition>
      <Action name="FollowHuman" />
    </Branch>
    <Branch>
      <Condition>EncounteredChallenge</Condition>
      <Action name="SearchObject" />
    </Branch>
    <Branch>
      <Condition>NoFeasibleActionsFound</Condition>
      <Action name="AskForHelp" />
    </Branch>
  </Sequence>

  <Sequence name="TaskExecution">
    <Branch>
      <Condition>RoverNavigatedToRoom</Condition>
      <Action name="NavigateToNextLocation" />
    </Branch>
    <Branch>
      <Condition>BottleFound</Condition>
      <Action name="GraspBottle" />
    </Branch>
    <Branch>
      <Condition>BottleNotFound</Condition>
      <Action name="ComputeInversePose" />
    </Branch>
    <Branch>
      <Condition>BottleIsLocated</Condition>
      <Action name="HandleInvalidPose" />
    </Branch>
  </Sequence>
</BehaviorTree>
  ]]></item>

  <item id="62"><![CDATA[
<BehaviorTree>
    <Sequence name="InitiateActions">
        <!-- Clear Global Cost Map -->
        <Action name="ClearGlobalCostMap" />
        <!-- Set Initial Search Poses -->
        <Action name="SetInitialSearchPoses" />
        <!-- Perform Specific Movements -->
        <Action name="PerformSpecificMovements" />
    </Sequence>

    <Sequence name="CommunicateIntent">
        <Action name="SpeechCommunication" />
        <Action name="CountToTen" />
        <Action name="AnnounceIntentionToFindPerson" />
    </Sequence>

    <Sequence name="SeekPerson">
        <Action name="ContinuousObjectDetection" />
        <Action name="HumanPoseDetection" />
        <Action name="CelebrateIfFound" />
        <Action name="ContinueSearchingIfNotFound" />
    </Sequence>

    <Sequence name="FinalizeGame">
        <Action name="EndGame" />
    </Sequence>
</BehaviorTree>
  ]]></item>

  <item id="63"><![CDATA[
<BehaviorTree>
    <MainSequence>
        <FallbackNode />
        <ReactiveSequence />
        <UpdateAction />
    </MainSequence>
</BehaviorTree>
  ]]></item>

  <item id="64"><![CDATA[
<BehaviorTree>
    <PipelineSequence>
        <Step>
            <ComputePathToGoal>
                <Planner>GridBased</Planner>
                <Frequency>1 Hz</Frequency>
            </ComputePathToGoal>
        </Step>
        <Step>
            <FollowPathUsingController />
        </Step>
    </PipelineSequence>
</BehaviorTree>
  ]]></item>

  <item id="65"><![CDATA[
<BehaviorTree>
    <Sequence>
        <Condition>
            <Name>EncounteredDifficulties</Name>
            <ConditionExpression>
                RobotNavigationSystem.IsNavigatingToGoal()
            </ConditionExpression>
        </Condition>
        <Action>
            <Name>AttemptRecoveryActionsUpToSixTimes</Name>
            <Parameter name="MaxAttempts">6</Parameter>
        </Action>
        <Branch>
            <Name>IfPathCalculationOrFollowingFails</Name>
            <Sequence>
                <Action>
                    <Name>RecalculatePathToGoal</Name>
                </Action>
                <Action>
                    <Name>FollowPath</Name>
                </Action>
            </Sequence>
            <Action>
                <Name>ClearCostMaps</Name>
            </Action>
            <Action>
                <Name>ExecuteAdditionalRecoveryActions</Name>
                <Parameters>
                    <Parameter name="Spinning">
                        <Value>True</Value>
                    </Parameter>
                    <Parameter name="Waiting">
                        <Value>True</Value>
                    </Parameter>
                    <Parameter name="BackingUp">
                        <Value>True</Value>
                    </Parameter>
                </Parameters>
            </Action>
        </Branch>
    </Sequence>
</BehaviorTree>
  ]]></item>

  <item id="66"><![CDATA[
<BehaviorTree>
    <PipelineSequence name="GlobalPathReplanning">
        <DistanceController name="DistanceController"/>
        <FollowPathAction name="FollowPathAction"/>
    </PipelineSequence>
</BehaviorTree>
  ]]></item>

  <item id="67"><![CDATA[
<BehaviorTree>
  <Sequence name="InitialCheck">
    <Action name="CheckRoomKnown" />
    <If condition="roomKnown == true">
      <Action name="GoToRoom" />
    </If>
    <ElseIf condition="humanPresent == true">
      <Action name="FollowHuman" />
    </ElseIf>
  </Sequence>
  <Sequence name="FetchBottle">
    <Action name="FindBottle" />
    <If condition="bottleFound == true">
      <Action name="FetchBottle" />
    </If>
    <Else>
      <Action name="AskForHelp" />
    </Else>
  </Sequence>
</BehaviorTree>
  ]]></item>

  <item id="68"><![CDATA[
<BehaviorTree>
    <PipelineSequence name="NavigationPipeline">
        <RateController frequency="1Hz" />
        <FollowPath taskName="ComputePathToPose" controllerName="GridBasedPlanner" />
        <FollowPath taskName="FollowPath" controllerName="SpecifiedController" />
    </PipelineSequence>
</BehaviorTree>
  ]]></item>

  <item id="69"><![CDATA[
<BehaviorTree>
  <ShedTree>
    <Condition name="timeOfDay">
      <Equals value="day"/>
    </Condition>
    <Action name="leaveShed"/>
    <Condition name="location">
      <Equals value="pasture"/>
    </Condition>
    <Action name="findRandomPastureField"/>
    <Action name="graze"/>
    <Condition name="nightTime">
      <Equals value="night"/>
    </Condition>
    <Action name="searchForShed"/>
    <Action name="enterShedIfNotAlreadyInside"/>
  </ShedTree>
  <Actions>
    <EatPrey/>
    <LayEggs/>
    <GiveBirth/>
    <AttemptReproduction/>
  </Actions>
</BehaviorTree>
  ]]></item>

  <item id="70"><![CDATA[
<BehaviorTree>
    <Sequence name="BatteryCheck">
        <Action name="IsBatteryOkay"/>
        <IfCondition condition="battery_is_okay">
            <Then>
                <ContinueToNextStep/>
            </Then>
            <Else>
                <PerformAction name="Land"/>
            </Else>
        </IfCondition>
    </Sequence>
</BehaviorTree>
  ]]></item>

  <item id="71"><![CDATA[
<BehaviorTree>
  <Sequence name="ComputePathToPose">
    <!-- Implement logic to compute path to a specific pose -->
  </Sequence>

  <Sequence name="FollowPathUsingControllerProperty">
    <!-- Implement logic to follow computed path using designated controller property -->
  </Sequence>

  <IfThenElse condition="flag_is_high">
    <Then action="rearrange"/>
    <Else action="no_rearrangement"/>
  </IfThenElse>

  <WhileLoop repeat_until="successful_retry" initial_charge_threshold="initial_charge_value">
    <Sequence name="RetryUntilSuccessful">
      <!-- Implement retry logic until successful based on charge threshold -->
    </Sequence>
  </WhileLoop>

  <SwitchCase switch_case_value="case_0">
    <Sequence name="ExecuteActionA"/>
  </SwitchCase>
  
  <SwitchCase switch_case_value="case_1">
    <Sequence name="ExecuteActionB"/>
  </SwitchCase>
</BehaviorTree>
  ]]></item>

  <item id="72"><![CDATA[
<BehaviorTree>
  <Sequence name="MainTask">
    <Parallel>
      <Loop>
        <Action name="RepeatVariantActionInfinite"/>
        <MoveToLocation/>
        <PlaceObject/>
        <DropObject/>
      </Loop>
      <PathPlanningAndWaypointExecution>
        <NavigateToLocation/>
        <!-- Add more path planning and waypoint execution steps here -->
      </PathPlanningAndWaypointExecution>
    </Parallel>
  </Sequence>

  <Sequence name="GoTo">
    <PathPlanning>
      <CheckConditions/>
      <ExecuteMovements/>
    </PathPlanning>
  </Sequence>

  <BehaviorTree name="RobotBehaviorTree">
    <CoordinateNavigationWithActions>
      <CoordinateNavigation name="GoTo"/>
      <ObjectManipulation>
        <RepeatVariantActionInfinite />
        <PlaceObject/>
        <DropObject/>
      </ObjectManipulation>
    </CoordinateNavigationWithActions>
  </BehaviorTree>
</BehaviorTree>
  ]]></item>

  <item id="73"><![CDATA[
<BehaviorTree>
    <Parallel id="parallelNode">
        <Threshold value="2"/>
        <Decorator id="absoluteProgressSyncDecorator">
            <Decorator id="smoothActionDecorator">
                <Action id="smoothAction"/>
            </Decorator>
        </Decorator>
    </Parallel>
</BehaviorTree>
]]></item>

  <item id="74"><![CDATA[
<BehaviorTree>
    <Sequence id="LoginProcess">
        <Action id="TryLogInWithUsernamePassword">
            <Parameter name="username">test</Parameter>
            <Parameter name="password">test</Parameter>
            <Action id="RetryIfFailed"/>
        </Action>
        <Action id="SelectChannelAndWorld">
            <Parameter name="channel">Athena</Parameter>
            <Parameter name="world">0</Parameter>
            <Action id="SelectCharacterOrCreateNewIfFailed"/>
        </Action>
    </Sequence>
</BehaviorTree>
]]></item>

  <item id="75"><![CDATA[
<BehaviorTree>
    <Sequence>
        <RepeatForever>
            <Action Enable="1"/>
            <Action Enable="2"/>
            <Action Enable="3"/>
            <Action Enable="4"/>
            <Delay Milliseconds="2000"/>
        </RepeatForever>
    </Sequence>
</BehaviorTree>
  ]]></item>

  <item id="76"><![CDATA[
<BehaviorTree>
    <Sequence name="NavigationLoop">
        <Branch name="ComputePath">
            <Action name="ConfigureParameters" />
            <Branch name="CheckForObstaclesAndAvoidPeople">
                <Action name="UpdateGlobalCostmap" />
                <Action name="RecalculatePath" />
            </Branch>
        </Branch>
        <Branch name="FollowPath">
            <Action name="NavigateUsingController" />
        </Branch>
        <Branch name="HandleRecoveryActions">
            <Action name="ClearGlobalCostmap" />
            <Action name="ClearLocalCostmap" />
            <Action name="WaitBeforeResumingNavigation" />
        </Branch>
    </Sequence>
</BehaviorTree>
  ]]></item>

  <item id="77"><![CDATA[
<BehaviorTree>
    <Sequence>
        <Action name="UpdateGoalPose">
            <!-- Logic to update the goal pose -->
        </Action>
        <Action name="ComputeNewPath">
            <!-- Logic to compute a new path using a planner -->
        </Action>
        <Action name="TruncatePath">
            <!-- Logic to truncate the computed path based on a specified distance -->
        </Action>
        <Action name="FollowTruncatedPath">
            <!-- Logic to follow the truncated path using a specific controller -->
        </Action>
    </Sequence>
</BehaviorTree>
  ]]></item>

  <item id="78"><![CDATA[
<BehaviorTree>
    <Sequence id="sequence1">
        <Action name="moveObject" />
        <Wait duration="3000"/>
        <Action name="nextTask" />
    </Sequence>

    <Sequence id="sequence2">
        <Action name="returnObjectToLocation" />
        <Wait duration="3000"/>
        <Action name="nextTask" />
    </Sequence>

    <Sequence id="fallback">
        <Action name="standbyMode" />
    </Sequence>

    <Fallback id="fallBackOnFailure">
        <Sequence ref="sequence1"/>
        <Sequence ref="sequence2"/>
        <Sequence ref="fallback"/>
    </Fallback>
</BehaviorTree>
  ]]></item>

  <item id="79"><![CDATA[
<BehaviorTree>
    <Sequence id="InitialGoals">
        <!-- Set initial goals -->
    </Sequence>

    <Sequence id="IterativeMovement">
        <Action id="CheckInterruptEvent">
            <!-- Check if interrupt event occurred -->
        </Action>
        <If id="IsInterrupted">
            <!-- If interrupt event occurred, end iteration -->
        </If>
        <Repeat id="TenCycles">
            <Action id="MoveToGoalAOrGoalB">
                <!-- Move to either Goal A or Goal B -->
            </Action>
        </Repeat>
    </Sequence>

    <Sequence id="FinalMovement">
        <Action id="MoveToGoalC">
            <!-- Move to final Goal C -->
        </Action>
    </Sequence>

    <Sequence id="MainLoop">
        <If id="HasCompletedIterations">
            <!-- If all iterations completed successfully -->
        </If>
        <Then>
            <Sequence id="CompleteSequence">
                <Action id="EndMovement">
                    <!-- End movement and complete sequence -->
                </Action>
            </Sequence>
        </Then>
        <Else>
            <Sequence id="ResumeIteration">
                <Action id="CheckInterruptEvent">
                    <!-- Resume from interrupted point -->
                </Action>
                <If id="IsInterrupted">
                    <!-- If interrupt event occurred, continue with next cycle -->
                </If>
            </Sequence>
        </Else>
    </Sequence>

    <Sequence id="Start">
        <Sequence id="SetInitialGoals">
            <!-- Start with initial goals -->
        </Sequence>
        <Then>
            <Sequence id="BeginMovement">
                <!-- Begin movement loop -->
            </Sequence>
        </Then>
    </Sequence>

    <Sequence id="End">
        <Action id="EndBehaviorTree">
            <!-- End the behavior tree -->
        </Action>
    </Sequence>
</BehaviorTree>
  ]]></item>

  <item id="80"><![CDATA[
<BehaviorTree>
    <MainTree>
        <Action name="FallbackMove">
            <Condition type="RandomBigMove"/>
        </Action>
    </MainTree>

    <ShedTree>
        <If condition="AnimalIsOnPastureDuringDay && AnimalInShed">
            <Action name="LeaveShed">
                <Condition type="FindRandomPastureField"/>
                <Action name="MoveToField"/>
            </Action>
        </If>

        <If condition="AnimalOnPastureAtNight && !AnimalInShed">
            <Action name="EnterShed">
                <Condition type="MoveTowardsShed"/>
                <Action name="EnterShed"/>
            </Action>
        </If>

        <If condition="!AnimalInShed">
            <Action name="RandomMove">
                <!-- Implement Random Move logic here -->
            </Action>
        </If>
    </ShedTree>
</BehaviorTree>
  ]]></item>

  <item id="81"><![CDATA[
<BehaviorTree>
  <Sequence>
    <Node name="MoveToLocation">
      <!-- Implement the logic to move the robot to a specific location -->
      <!-- This could involve using ROS or other motion control libraries -->
    </Node>
    <Repeat count="infinity"> <!-- Indicates that this sequence can be repeated indefinitely -->
      <Node name="MoveToLocation"></Node>
    </Repeat>
  </Sequence>
</BehaviorTree>
  ]]></item>

  <item id="82"><![CDATA[
<BehaviorTree>
  <Sequence id="MainSequence">
    <Action id="ObtainTarget" />
    <Action id="MoveTowardsTarget" />
    <IfCondition id="AttackConditionsMet">
      <Action id="AttackTarget" />
    </IfCondition>
    <ElseBranch id="FallbackAction">
      <Action id="MakeRandomMove" />
    </ElseBranch>
  </Sequence>
</BehaviorTree>
  ]]></item>

  <item id="83"><![CDATA[
<BehaviorTree>
    <Sequence name="InitialActions">
        <!-- CheckLaser action -->
        <Action name="CheckLaser"/>
        <!-- Backward action -->
        <Action name="Backward" duration="3"/>
        <!-- Turn action -->
        <Action name="Turn" duration="4"/>
        <!-- Forward action -->
        <Action name="Forward"/>
    </Sequence>
</BehaviorTree>
  ]]></item>

  <item id="84"><![CDATA[
<BehaviorTree>
    <Sequence>
        <Action Name="StartGreeting">
            <!-- Robot greets the user -->
        </Action>
        <Action Name="PauseAndSmile">
            <!-- Robot pauses and smiles -->
        </Action>
        <Action Name="AskForName">
            <!-- Robot asks for the user's name -->
        </Action>
        <Action Name="CaptureSpeechToTextResponse">
            <!-- Capture user's response using speech-to-text conversion -->
        </Action>
        <Action Name="RepeatUserResponse">
            <!-- Repeat what the user said -->
        </Action>
        <If Condition="IsUserResponseUnderstood()">
            <Action Name="UnderstandUserResponse">
                <!-- User's response is understood -->
            </Action>
            <ElseIf Condition="NotUnderstandUserResponse()">
                <Action Name="TiltHeadApologize">
                    <!-- Robot tilts its head apologetically -->
                </Action>
                <Action Name="ExpressInabilityToComprehend">
                    <!-- Express its inability to comprehend -->
                </Action>
            </ElseIf>
        </If>
        <Action Name="BidFarewell">
            <!-- Robot bids farewell -->
        </Action>
    </Sequence>
</BehaviorTree>
  ]]></item>

  <item id="85"><![CDATA[
<BehaviorTree>
    <Sequence id="TaskSequence">
        <Action id="MoveToLocation" />
        <Action id="AdjustTorsoAndHeadPosition" />
        <Action id="ScanTableForObjects" />
        <Action id="ProcessScanResults" />
        <Action id="UpdatePlanningScene" />
        <Action id="Pause" />
    </Sequence>
    <Repeat>
        <Sequence id="RepeatSequence">
            <Action id="MoveToLocation" />
            <Action id="AdjustTorsoAndHeadPosition" />
            <Action id="ScanTableForObjects" />
            <Action id="ProcessScanResults" />
            <Action id="PlaceOnTray" />
            <Action id="UpdatePlanningScene" />
            <Action id="Pause" />
        </Sequence>
    </Repeat>
</BehaviorTree>
  ]]></item>

  <item id="86"><![CDATA[
<BehaviorTree>
  <Sequence>
    <PickNode />
  </Sequence>
</BehaviorTree>
  ]]></item>

  <item id="87"><![CDATA[
<BehaviorTree>
  <Sequence name="MainBehavior">
    <Action name="go1"/>
    <AlwaysSuccess/>
    <Action name="go2"/>
  </Sequence>
</BehaviorTree>
  ]]></item>

  <item id="88"><![CDATA[
<BehaviorTree>
    <Sequence name="Movement">
        <Repeat count="3">
            <Action name="NavigateToGoal_a"/>
            <Action name="NavigateToGoal_b"/>
            <Action name="NavigateToGoal_c"/>
        </Repeat>
    </Sequence>
</BehaviorTree>
]]></item>

  <item id="89"><![CDATA[
<BehaviorTree>
    <Sequence name="FetchBottle">
        <Action name="GoToRoom" />
        <Action name="FollowHumanIfNecessary" />
        <Action name="FindBottle" />
    </Sequence>

    <Sequence name="FetchGlass">
        <Action name="FetchBottle" />
        <Action name="FindGlass" />
    </Sequence>

    <Sequence name="PourDrink">
        <Action name="FetchGlass" />
        <Action name="PourDrinkFromBottleToGlass" />
    </Sequence>

    <If condition="Failed(FetchBottle)">
        <Action name="AskForHelp" />
    </If>
</BehaviorTree>
  ]]></item>

  <item id="90"><![CDATA[
<BehaviorTree>
    <Sequence name="MainSequence">
        <Node name="CheckBattery">
            <Condition name="BatteryIsOkay"/>
        </Node>
        <Node name="StartMission">
            <Action name="SaySomething">Mission Started!</Action>
        </Node>
        <Node name="MoveToLocation">
            <Action name="MoveBase">(1;2;3)</Action>
        </Node>
        <Node name="EndMission">
            <Action name="SaySomething">Mission completed!</Action>
        </Node>
    </Sequence>
</BehaviorTree>
  ]]></item>

  <item id="91"><![CDATA[
<BehaviorTree>
    <Sequence name="NavigateToLocation">
        <Action name="ComputePath"/>
        <Action name="FollowPath"/>
        <Repeat count="7" onFail="RetryNavigation">
            <Sequence name="RetryNavigation">
                <Action name="ClearLocalCostmap"/>
                <Action name="ClearGlobalCostmap"/>
                <Action name="SpinInPlace"/>
                <Action name="RetryNavigation"/>
            </Sequence>
        </Repeat>
    </Sequence>
</BehaviorTree>
  ]]></item>

  <item id="92"><![CDATA[
<BehaviorTree>
    <Sequence>
        <Action name="CheckStuck">
            <!-- Check if the robot is stuck -->
        </Action>
        <IfThenElse condition="stuck">
            <Action name="Recover">
                <!-- Attempt to recover by stopping, backing up, and spinning -->
            </Action>
            <Otherwise>
                <Action name="NavigateToPose">
                    <!-- Compute a path to a specific pose based on provided endpoints -->
                    <Input name="endpoints" value="providedEndpoints"/>
                </Action>
            </Otherwise>
        </IfThenElse>
    </Sequence>
</BehaviorTree>
  ]]></item>

  <item id="93"><![CDATA[
<BehaviorTree>
  <Sequence name="ResetAX12">
    <!-- Implement reset AX12 sequence -->
  </Sequence>

  <Sequence name="PickAllYellowAtoms">
    <!-- Implement pick all yellow atoms sequence -->
  </Sequence>

  <Sequence name="EmptyBarrelRight">
    <!-- Implement empty barrel right sequence -->
  </Sequence>

  <Sequence name="TakeChaos">
    <!-- Implement take chaos sequence -->
  </Sequence>
</BehaviorTree>
]]></item>

  <item id="94"><![CDATA[
<BehaviorTree>
  <Sequence name="GetPoseTask">
    <Action name="RetrieveWPInfo" args="{wp_id}">
      <!-- Retrieve Pose Information -->
    </Action>
    <Action name="StorePoseInVariable" args="{pose}">
      <!-- Store retrieved pose in variable {pose} -->
    </Action>
  </Sequence>
</BehaviorTree>
  ]]></item>

  <item id="95"><![CDATA[
<BehaviorTree>
  <Sequence name="Go Deliver Passenger">
    <SubSequence name="Pick Up Passenger">
      <Action type="NavigateToLocation">location_of_passenger</Action>
      <Action type="PerformPickupAction"/>
    </SubSequence>
    <SubSequence name="Drop Off Passenger">
      <Action type="NavigateToDestination">destination_location</Action>
      <Action type="PerformDropOffAction"/>
    </SubSequence>
  </Sequence>
</BehaviorTree>
  ]]></item>

  <item id="96"><![CDATA[
<BehaviorTree>
    <Sequence>
        <Action>SayHello</Action>
        <Action>ExecuteAction</Action>
    </Sequence>
</BehaviorTree>
  ]]></item>

  <item id="97"><![CDATA[
<BehaviorTree>
    <Sequence name="NavigateToGoal">
        <Action name="UpdateGoalPose" />
        <Action name="ComputePath" />
        <Action name="TruncatePath" />
        <Action name="FollowPath" />
        <Action name="ReplanIfNecessary" />
    </Sequence>
</BehaviorTree>
  ]]></item>

  <item id="98"><![CDATA[
<BehaviorTree>
    <Sequence name="RobotActions">
        <Action name="CheckStatus"/>
        <Sequence name="GripperControl">
            <Action name="OpenGripper"/>
            <Action name="CloseGripper"/>
        </Sequence>
        <Action name="InitiateCommunication"/>
    </Sequence>
</BehaviorTree>
 ]]></item>

  <item id="99"><![CDATA[
<BehaviorTree>
  <Sequence name="DynamicNavigation">
    <!-- Goal Updater -->
    <Action name="UpdateGoalPose" />
    <Action name="ComputePathToUpdatedGoal" />

    <!-- Rate Controller -->
    <Action name="SetFrequencyRateController" />

    <!-- Path Following Mechanism -->
    <Action name="FollowPathWithPathFollowingController" />
  </Sequence>
</BehaviorTree>
  ]]></item>

  <item id="100"><![CDATA[
<BehaviorTree>
    <Sequence>
        <!-- Step 1: Update Goal -->
        <Action name="UpdateGoal">
            <!-- Implement logic here to update the goal based on input -->
        </Action>

        <!-- Step 2: Compute Path -->
        <Action name="ComputePathToUpdatedGoal">
            <!-- Implement logic here to compute a path from the updated goal using a GridBased planner -->
        </Action>

        <!-- Step 3: Truncate Path -->
        <Action name="TruncatePath">
            <!-- Implement logic here to truncate the computed path to a certain distance -->
        </Action>

        <!-- Step 4: Follow Truncated Path -->
        <Action name="FollowTruncatedPath">
            <!-- Implement logic here to follow the truncated path using a specific controller -->
        </Action>

        <!-- Step 5: Fail Condition (Optional) -->
        <Condition name="FailCondition">
            <!-- Implement condition to check if the task has failed -->
        </Condition>
    </Sequence>
</BehaviorTree>
  ]]></item>

  <item id="101"><![CDATA[
<BehaviorTree>
    <Sequence name="NavigationSystem">
        <Branch name="GlobalPathReplanning">
            <RateController frequency="1Hz"/>
            <PeriodicTask task="computePathToGoal"/>
        </Branch>
        <Branch name="ComputePathToGoal">
            <Planner name="GridBased" />
            <ControlledTask task="followPath"/>
        </Branch>
        <Sequence name="UpdateAndNavigate">
            <FollowPath/>
        </Sequence>
    </Sequence>
</BehaviorTree>
  ]]></item>

  <item id="102"><![CDATA[
<BehaviorTree>
    <PipelineSequence name="NavigationAndReplanning">
        <Step name="DistanceController">
            <Condition type="BooleanExpression">
                <LeftOperand type="VariableReference">distance_moved</LeftOperand>
                <Operator type="ComparisonOperator">LessThan</Operator>
                <RightOperand type="NumberLiteral">1</RightOperand>
            </Condition>
            <IfElse type="BooleanExpression">
                <TrueBranch>
                    <CallBehavior name="ComputeNewPath"/>
                </TrueBranch>
                <FalseBranch>
                    <!-- Additional logic if not moving -->
                </FalseBranch>
            </IfElse>
        </Step>
        <Step name="FollowPath">
            <!-- Implement follow path logic here -->
        </Step>
    </PipelineSequence>
</BehaviorTree>
]]></item>

  <item id="103"><![CDATA[
<BehaviorTree>
    <Sequence>
        <Action name="MoveForward">
            <Parameter name="Direction">1</Parameter>
            <Parameter name="Distance">2</Parameter>
            <EnableMovement>true</EnableMovement>
            <VelocityComponents></VelocityComponents>
        </Action>
        <Action name="TurnLeft">
            <Parameter name="Direction">0</Parameter>
            <EnableMovement>false</EnableMovement>
            <VelocityComponents></VelocityComponents>
        </Action>
        <Action name="MoveBackward">
            <Parameter name="Direction">1</Parameter>
            <Parameter name="Distance">2</Parameter>
            <EnableMovement>true</EnableMovement>
            <VelocityComponents></VelocityComponents>
        </Action>
        <Action name="TurnRight">
            <Parameter name="Direction">0</Parameter>
            <EnableMovement>false</EnableMovement>
            <VelocityComponents></VelocityComponents>
        </Action>
    </Sequence>
    <Node name="ForceSuccess">
        <Condition type="AllTrue"></Condition>
    </Node>
</BehaviorTree>
  ]]></item>

  <item id="104"><![CDATA[
<BehaviorTree>
  <Sequence name="TaskExecution">
    <Action name="AttemptGo1">
      <!-- Code for go1 -->
    </Action>
    <Action name="AttemptGo2">
      <!-- Code for go2 -->
    </Action>
    <Condition name="SuccessCriteria">
      <And>
        <Action name="CheckIfGo1Succeeded"/>
        <Action name="CheckIfGo2Succeeded"/>
      </And>
    </Condition>
    <Action name="ExecuteGo3">
      <!-- Code for go3 -->
    </Action>
  </Sequence>
</BehaviorTree>
  ]]></item>

  <item id="105"><![CDATA[
<BehaviorTree>
  <Sequence>
    <!-- Step 1: Initialization -->
    <Action name="Initialize" />
    
    <!-- Step 2: Fetching the tool -->
    <Sequence>
      <Action name="FetchTool" />
      <If condition="IsRobotHoldingAnyObjects">
        <Action name="PlaceObjectOnTable" />
      </If>
    </Sequence>
    
    <!-- Step 3: Driving to the handover location -->
    <Action name="DriveToHandoverLocation" />
    
    <!-- Step 4: Moving the arm to hand over the tool -->
    <Action name="MoveArmToHandoverLocation" />
    
    <!-- Step 5: Handover Interaction -->
    <Action name="UserInteraction" />
    
    <!-- Step 6: Stowing the tool -->
    <Sequence>
      <Action name="StowTool" />
      <If condition="IsRobotHoldingAnyObjects">
        <Action name="PlaceObjectOnTable" />
      </If>
    </Sequence>
    
    <!-- Step 7: Driving back home -->
    <Action name="DriveBackHome" />
  </Sequence>
</BehaviorTree>
]]></item>

  <item id="106"><![CDATA[
<BehaviorTree>
    <PipelineSequence name="NavigationPipeline">
        <Node name="SpeedController" />
        <Node name="FollowPath" />
    </PipelineSequence>
</BehaviorTree>
  ]]></item>

  <item id="107"><![CDATA[
<BehaviorTree>
  <Sequence name="BatteryLevelCheck">
    <Action name="IsBatteryLow"/>
    <If condition="battery_level_low">
      <Sequence name="RecoveryActions">
        <Action name="ClearCostmaps"/>
        <Action name="Spin"/>
        <Action name="Wait"/>
        <Action name="BackUp"/>
      </Sequence>
    </If>
    <ElseIf condition="not(battery_level_low)">
      <Action name="ContinueNavigatingWithPath"/>
    </ElseIf>
    <ElseIf condition="recovery_sequence_fails_multiple_times">
      <Action name="SpinningInPlace"/>
    </ElseIf>
    <Else>
      <Action name="FullSpinBeforeNavigation"/>
    </Else>
  </Sequence>
</BehaviorTree>
  ]]></item>

  <item id="108"><![CDATA[
<BehaviorTree>
    <Sequence id="PoseRetrieval">
        <Action id="RetrieveJointPositionsForUPTRAY" />
        <Parallel id="SetJointsLeftRight">
            <Action id="SetJointPositionToLeftArm" />
            <Action id="SetJointPositionToRightArm" />
        </Parallel>
    </Sequence>
    <Sequence id="PoseExecution">
        <Action id="ExecutePoseExtended" />
        <Action id="ExecutePoseGripping" />
        <Action id="ExecutePoseRest" />
    </Sequence>
</BehaviorTree>
  ]]></item>

  <item id="109"><![CDATA[
<BehaviorTree>
  <Sequence name="InitialSequence">
    <Action name="go1"/>
    <Action name="stay1"/>
    <Action name="stay2"/>
  </Sequence>

  <Sequence name="SubSequence">
    <Action name="go1"/>
    <Action name="go2"/>
    <Action name="go3"/>
  </Sequence>

  <Sequence name="MainSequence">
    <Sequence name="FirstSubSequence">
      <Sequence name="SecondSubSequence">
        <Action name="go2"/>
        <Action name="go3"/>
      </Sequence>
      <Action name="go1"/>
    </Sequence>
    <Sequence name="ThirdSubSequence">
      <Action name="go1"/>
      <Action name="go2"/>
    </Sequence>
  </Sequence>

  <Sequence name="FinalSequence">
    <Sequence name="FourthSubSequence">
      <Sequence name="FifthSubSequence">
        <Action name="go1"/>
        <Action name="go2"/>
      </Sequence>
      <Action name="go1"/>
    </Sequence>
  </Sequence>
</BehaviorTree>
  ]]></item>

  <item id="110"><![CDATA[
<BehaviorTree>
    <Sequence name="DisablePoseDetectionAndTracking">
        <!-- Disable Pose Detection and Tracking -->
    </Sequence>

    <Sequence name="RepeatTextToSpeech">
        <Action name="StartSpinCycle" />
        <Sequence name="ReactiveSequence">
            <Action name="IfNoPersonDetected">
                <Condition name="PersonNotDetected" />
                <Then>
                    <Action name="ExecuteSpinAction" />
                </Then>
                <Else>
                    <Action name="DoNothing" />
                </Else>
            </Action>
            <Action name="ExecuteSpinAction" />
        </Sequence>
        <Sequence name="TotalSpins">
            <Action name="RepeatReactiveSequence" />
        </Sequence>
    </Sequence>
</BehaviorTree>
]]></item>

  <item id="111"><![CDATA[
<BehaviorTree>
    <Sequence id="navigateWithReplanning">
        <Node id="computePathToPose" />
        <Node id="followPathUsingController" />
        <Node id="recoverIfIssues" />
    </Sequence>

    <Sequence id="recoveryActions">
        <Node id="clearCostmaps" />
        <Node id="spin" />
        <Node id="wait" />
    </Sequence>

    <Recovery id="recoveryNode" retries=5 />
</BehaviorTree>
  ]]></item>

  <item id="112"><![CDATA[
<BehaviorTree>
  <Sequence name="MovementLoop">
    <Repeat count="3">
      <If>
        <IsHumanPosePresent />
        <Then>
          <GoToGoal "Goal_a" />
        </Then>
        <Else>
          <GoToNextGoal "Goal_b" />
        </Else>
      </If>
    </Repeat>
  </Sequence>
</BehaviorTree>
  ]]></item>

  <item id="113"><![CDATA[
<BehaviorTree>
  <Sequence>
    <Action name="obtainFaces">
      <!-- Implement logic to obtain a list of faces -->
    </Action>
    <Action name="selectFace">
      <!-- Implement logic to select the first face from the list -->
    </Action>
    <Action name="gazeAtFace">
      <!-- Implement logic to direct the robot to gaze at the selected face -->
    </Action>
  </Sequence>
  <DefineActions>
    <Action name="getPoseArray">
      <!-- Implement logic for getting pose arrays -->
    </Action>
    <Action name="selectPose">
      <!-- Implement logic for selecting poses -->
    </Action>
    <Action name="gazeAtTarget">
      <!-- Implement logic for gazing at targets -->
    </Action>
    <!-- Add more defined actions here -->
  </DefineActions>
</BehaviorTree>
  ]]></item>

  <item id="114"><![CDATA[
<BehaviorTree>
    <Sequence>
        <!-- Character initiates a conversation -->
        <Action name="StartThinking">characterInitiatesConversation</Action>

        <!-- Character thinks about a response -->
        <Action name="ThinkAboutResponse">characterThinksAboutResponse</Action>

        <!-- Character speaks the response -->
        <Action name="SpeakResponse">characterSpeaksResponse</Action>

        <!-- Character says an additional message -->
        <Action name="SayAdditionalMessage">characterSaysAdditionalMessage</Action>

        <!-- Repeat the previous message -->
        <Action name="RepeatPreviousMessage">repeatPreviousMessage</Action>
    </Sequence>
</BehaviorTree>
]]></item>

  <item id="115"><![CDATA[
<BehaviorTree>
    <Sequence name="ApproachObject">
        <!-- Compute Path -->
        <Action name="ComputePath" />
        <Sequence name="TruncatePath">
            <Action name="TruncatePathToDistance" />
        </Sequence>
        <Sequence name="FollowPath">
            <Action name="FollowTruncatedPath" />
        </Sequence>
    </Sequence>
</BehaviorTree>
  ]]></item>

  <item id="116"><![CDATA[
<BehaviorTree>
    <Sequence>
        <Action name="addObjOut">
            <Parameter name="input1">value1</Parameter>
            <Parameter name="input2">value2</Parameter>
            <Output name="${foo}">
                <Function name="add"/>
            </Output>
        </Action>
        <Action name="add">
            <Parameter name="input1">default_value1</Parameter>
            <Parameter name="input2">default_value2</Parameter>
            <Output name="${zaz}">
                <Function name="add"/>
            </Output>
        </Action>
    </Sequence>
</BehaviorTree>
  ]]></item>

  <item id="117"><![CDATA[
<BehaviorTree>
    <Sequence name="NavigationSequence">
        <RepeatForCycles>
            <CycleCount value="3"/>
            <Loop>
                <Block name="SetBlackboard">
                    <Sequence>
                        <Action name="SetBlackboard" />
                    </Sequence>
                </Block>
                <Block name="MoveToGoals">
                    <Sequence>
                        <Action name="MoveRobot" />
                    </Sequence>
                </Block>
                <Block name="TakeSnapshot">
                    <Sequence>
                        <Action name="TakeSnapshot" />
                    </Sequence>
                </Block>
            </Loop>
        </RepeatForCycles>
    </Sequence>
</BehaviorTree>
  ]]></item>

  <item id="118"><![CDATA[
<BehaviorTree>
  <Sequence name="FindBall">
    <Action name="FindBallAction"/>
  </Sequence>

  <Sequence name="ApproachBallIfCloseEnough">
    <Condition name="IsCloseToBall"/>
    <Action name="ApproachBallAction"/>
  </Sequence>

  <Sequence name="GraspBall">
    <Action name="GraspBallAction"/>
  </Sequence>

  <Sequence name="FindBin">
    <Action name="FindBinAction"/>
  </Sequence>

  <Sequence name="ApproachBin">
    <Condition name="IsNearBin"/>
    <Action name="ApproachBinAction"/>
  </Sequence>

  <Sequence name="PlaceBallInBin">
    <Action name="PlaceBallInBinAction"/>
  </Sequence>

  <Sequence name="HandleFailure">
    <Action name="AskForHelpAction"/>
  </Sequence>

  <Branch name="OrderOfActions">
    <Choice>
      <Case name="FindBallThenApproachBallThenGraspBall">
        <Sequence>
          <Sequence name="FindBall">
            <Action name="FindBallAction"/>
          </Sequence>
          <Sequence name="ApproachBallIfCloseEnough">
            <Condition name="IsCloseToBall"/>
            <Action name="ApproachBallAction"/>
          </Sequence>
          <Sequence name="GraspBall">
            <Action name="GraspBallAction"/>
          </Sequence>
        </Sequence>
        <Sequence name="FindBin">
          <Action name="FindBinAction"/>
        </Sequence>
        <Sequence name="ApproachBin">
          <Condition name="IsNearBin"/>
          <Action name="ApproachBinAction"/>
        </Sequence>
        <Sequence name="PlaceBallInBin">
          <Action name="PlaceBallInBinAction"/>
        </Sequence>
      </Case>
      <Default>
        <Sequence name="HandleFailure">
          <Action name="AskForHelpAction"/>
        </Sequence>
      </Default>
    </Choice>
  </Branch>
</BehaviorTree>
  ]]></item>

  <item id="119"><![CDATA[
<BehaviorTree>
    <RootNode name="NavigationWithReplanning">
        <Sequence>
            <Action name="NavigateWithReplanning" />
            <IfCondition name="CheckForFailures">
                <Action name="CheckForFailures" />
                <Then>
                    <Action name="Retry" />
                </Then>
                <Else>
                    <Action name="ClearLocalAndGlobalCostmaps" />
                    <Action name="SpinAction" />
                    <Action name="WaitDuration" />
                </Else>
            </IfCondition>
        </Sequence>
        <RecoveryFallback name="RecoveryFallback">
            <Sequence>
                <Action name="ClearBothCostmaps" />
                <Action name="PerformSpinAction" />
                <Action name="WaitDuration" />
            </Sequence>
        </RecoveryFallback>
    </RootNode>
</BehaviorTree>
  ]]></item>
</items>
