{
    "start": [1, 1],
    "end": [1, 21],
    "obstacles": [
        {"x": 2.5, "y": 30.0}, 
        {"x": 5.5, "y": 30.0},
        {"x": 8.5, "y": 30.0}, 
        {"x": 2.5, "y": 27.0},
        {"x": 5.5, "y": 27.0}, 
        {"x": 4.0, "y": 24.0},
        {"x": 7.0, "y": 24.0}, 
        {"x": 4.0, "y": 21.0},
        {"x": 7.0, "y": 21.0},
        {"x": 10.0, "y": 21.0},
        {"x": 1, "y": 33.0},
        {"x": 4, "y": 33.0},
        {"x": 7, "y": 33.0},
        {"x": 10, "y": 33.0}, 
        {"x": 10, "y": 24.0},  
  
        {"x": 18, "y": 47},
         {"x": 18, "y": 44},
         {"x": 18, "y": 41},
         {"x": 17, "y": 38},
         {"x": 20, "y": 35},
         {"x": 23, "y": 32},
         {"x": 26, "y": 30},
         {"x": 29, "y": 29},
  
         {"x": 23, "y": 26},
         {"x": 23, "y": 23},
         {"x": 23, "y": 20},
         {"x": 22, "y": 17},
         {"x": 21, "y": 14},
         {"x": 27, "y": 26},
         {"x": 1, "y": 18}
    ]
  }